Title,Authors,Categories,"Content Types","Publication Types",Tags,Date,Permalink,"Word Count",Status
"Testimony by Brittany Madni on the VA Budget","                                                              Brittany Madni                                                                                          [user]                                                                           ","The Federal Budget: Spending, Taxes, and Debt",Publication,Testimony,"Appropriations, Congressional Budget Office (CBO), Debt, Deficit, Discretionary Spending, Federal Budget, Mandatory Spending, Program Integrity, Spending, Veterans, Veterans Affairs, Waste Fraud & Abuse","2026-05-20 11:05:36",https://epicforamerica.org/federal-budget/testimony-by-brittany-madni-on-the-va-budget/,1813,publish
"Testimony by Brittany Madni on the Fiscal Challenges at the VA","                                                              Brittany Madni                                                                                          [user]                                                                           ","The Federal Budget: Spending, Taxes, and Debt",Publication,Testimony,"Debt, Discretionary Spending, Federal Budget, Mandatory Spending, Program Integrity, Testimony, Veterans, Veterans Affairs, Waste Fraud & Abuse","2026-03-26 13:21:30",https://epicforamerica.org/federal-budget/testimony-by-brittany-madni-on-the-fiscal-challenges-at-the-va/,2138,publish
"Honoring the Founders’ Fiscal Vision","                                                              Brittany Madni                                                                                          [user]                                                                           ","The Federal Budget: Spending, Taxes, and Debt",Blog,Op-Ed,"Congress, Debt, Federal Budget, Spending","2026-03-17 15:40:35",https://epicforamerica.org/federal-budget/honoring-the-founders-fiscal-vision/,1000,publish
"A Discharge Petition Plot","                                                              Brittany Madni                                                                                          [user]                                                                           ","The Federal Budget: Spending, Taxes, and Debt",Blog,"Policy Rapid Response","Biden COVID Credits, Congress, Floor Procedure, Healthcare, Obamacare","2026-01-06 14:20:15",https://epicforamerica.org/federal-budget/a-discharge-petition-plot/,930,publish
"Crafting a Successful Balanced Budget Amendment","                                                              Brittany Madni                                                                                          [user]                                                                           ","The Federal Budget: Spending, Taxes, and Debt",Blog,Op-Ed,"Debt, Federal Budget, Fiscal Crisis, Fiscal Space, Spending","2025-12-10 16:18:58",https://epicforamerica.org/federal-budget/crafting-a-successful-balanced-budget-amendment/,734,publish
"Interest Payments on the Debt Outpace Most Countries’ GDPs","                                                              Brittany Madni                                                                                          [user]                                                                           ","The Economy, The Federal Budget: Spending, Taxes, and Debt",Blog,"Policy Rapid Response","Debt, Deficit, Economy, FY 2025, Interest, Mandatory Spending, Spending","2025-12-03 17:17:24",https://epicforamerica.org/federal-budget/interest-payments-on-the-debt-outpace-most-countries-gdps/,346,publish
"Testimony by Brittany Madni on Balancing the Federal Budget","                                                              Brittany Madni                                                                                          [user]                                                                           ","The Federal Budget: Spending, Taxes, and Debt",Publication,Report,"Constitution, Debt, Federal Budget, Fiscal Crisis, Fiscal Limit, Fiscal Space, Limited Government, Spending","2025-12-03 10:00:27",https://epicforamerica.org/federal-budget/balancing-the-federal-budget/,2362,publish
"A Christmas Omnibus Is Not the Answer","                                                              Brittany Madni                                                                                          [user]                                                                           ","The Economy, The Federal Budget: Spending, Taxes, and Debt",Blog,"Op-Ed, Policy Rapid Response","Appropriations, Discretionary Spending, Earmarks, Federal Budget, FY 2026, Government Shutdown","2025-11-05 16:17:59",https://epicforamerica.org/federal-budget/a-christmas-omnibus-is-not-the-answer/,1448,publish
"The Truth Behind the Medicaid Cuts Myth","                                                              Brittany Madni                                                                                          [user]                                                                           ","The Federal Budget: Spending, Taxes, and Debt","Blog, Publication","Op-Ed, Report","Healthcare, Medicaid, One Big Beautiful Bill, Spending","2025-10-30 08:33:43",https://epicforamerica.org/federal-budget/the-truth-behind-the-medicaid-cuts-myth/,446,publish
"Cashing in on Obamacare Subsidies","                                                              Brittany Madni                                                                                          [user]                                                                           ","The Federal Budget: Spending, Taxes, and Debt",Blog,Op-Ed,"Biden COVID Credits, Healthcare, Obamacare, Program Integrity, Spending","2025-10-24 10:22:27",https://epicforamerica.org/federal-budget/cashing-in-on-obamacare-subsidies/,1106,publish
"The Obamacare Subsidy Scheme","                                                              Brittany Madni                                                                                          [user]                                                                           ","The Federal Budget: Spending, Taxes, and Debt","Publication, Resource","Infographics, Tables, & Charts","Biden COVID Credits, Healthcare, Obamacare, Spending","2025-10-17 13:05:43",https://epicforamerica.org/federal-budget/the-obamacare-subsidy-scheme/,12,publish
"Subsidy Scheme Stats","                                                              Brittany Madni                                                                                          [user]                                                                           ","The Federal Budget: Spending, Taxes, and Debt","Publication, Resource","Infographics, Tables, & Charts","Biden COVID Credits, Government Shutdown, Healthcare, Mandatory Spending, Obamacare, Spending","2025-10-16 10:48:16",https://epicforamerica.org/federal-budget/subsidy-scheme-stats/,12,publish
"Open Season on Regs: Advancing the Barred Owl CRA","                                                              Brittany Madni                                                                                          [user]                                                                           ","The Federal Budget: Spending, Taxes, and Debt",Blog,Op-Ed,"Congressional Review Act, Regulations, Spending","2025-10-06 14:25:15",https://epicforamerica.org/federal-budget/open-season-on-regs-advancing-the-barred-owl-cra/,619,publish
"The Biden COVID Credit Scheme","                                                              Brittany Madni                                                                                          [user]                                                                                                                                         Sarah Wagoner                                                                                          [user]                                                                           ","The Federal Budget: Spending, Taxes, and Debt","Publication, Resource","Infographics, Tables, & Charts","Biden COVID Credits, Government Shutdown, Healthcare, Spending","2025-10-01 22:17:39",https://epicforamerica.org/federal-budget/the-biden-covid-credit-scheme/,0,publish
"Stop Subsidizing Evil: Sex Offenders on Medicaid and Obamacare","                                                              Brittany Madni                                                                                          [user]                                                                           ","Social Programs, The Federal Budget: Spending, Taxes, and Debt",Blog,"Op-Ed, Policy Rapid Response","Biden COVID Credits, COVID-19, Healthcare, Medicaid, Obamacare, Welfare","2025-09-29 20:43:39",https://epicforamerica.org/federal-budget/stop-subsidizing-sex-offenders/,1627,publish
"Myth Buster: The House-Passed CR Reflects Biden Spending Levels","                                                              Brittany Madni                                                                                          [user]                                                                           ","The Federal Budget: Spending, Taxes, and Debt",Blog,"Policy Rapid Response","Appropriations, Continuing Resolution (CR), Discretionary Spending, Government Shutdown, Spending","2025-09-25 13:25:57",https://epicforamerica.org/federal-budget/myth-buster-the-house-passed-cr-reflects-biden-spending-levels/,1146,publish
"Major Wins in the One Big Beautiful Bill","                                                              Paul Winfree, Ph.D.                                                                                          [user]                                                                                                                                         Brittany Madni                                                                                          [user]                                                                                                                                         Matthew Dickerson                                                                                          [user]                                                                                                                                         David Ditch                                                                                          [user]                                                                                                                                         William W. Beach, D. Phil.                                                                                          [user]                                                                                                                                         Rachel Greszler                                                                                          [user]                                                                                                                                         Anthony Campau                                                                                          [user]                                                                                                                                         Zoe Jackman                                                                                          [user]                                                                                                                                         Sarah Wagoner                                                                                          [user]                                                                           ","The Federal Budget: Spending, Taxes, and Debt",Publication,"Infographics, Tables, & Charts","Border Security, Energy, Food Stamps, Medicaid, One Big Beautiful Bill, Reconciliation, Regulations, Spectrum Auctions, Spending, Taxes","2025-08-06 15:10:47",https://epicforamerica.org/federal-budget/major-wins-in-the-one-big-beautiful-bill/,8,publish
"President Trump’s 2025 Joint Address to Congress – and EPIC’s Proposed Solutions","                                                              Paul Winfree, Ph.D.                                                                                          [user]                                                                                                                                         Brittany Madni                                                                                          [user]                                                                                                                                         Matthew Dickerson                                                                                          [user]                                                                                                                                         Zoe Jackman                                                                                          [user]                                                                                                                                         William W. Beach, D. Phil.                                                                                          [user]                                                                                                                                         Anthony Campau                                                                                          [user]                                                                                                                                         Rachel Greszler                                                                                          [user]                                                                                                                                         David Ditch                                                                                          [user]                                                                                                                                         Amelia Kuntzman                                                                                          [user]                                                                                                                                         Sarah Wagoner                                                                                          [user]                                                                           ","The Economy, The Federal Budget: Spending, Taxes, and Debt",Blog,"Policy Rapid Response","2025 Fiscal Cliff, Federal Budget, Reconciliation, SOTU, Spending, Trump Administration","2025-03-05 08:37:29",https://epicforamerica.org/federal-budget/2025-sotu-epic-solutions/,2598,publish
"EPIC FAQs: Budget Reconciliation","                                                              Brittany Madni                                                                                          [user]                                                                                                                                         Matthew Dickerson                                                                                          [user]                                                                           ","The Federal Budget: Spending, Taxes, and Debt",Resource,FAQs,"Budget Resolution, Reconciliation, Spending","2025-02-07 12:34:41",https://epicforamerica.org/federal-budget/epic-faqs-budget-reconciliation/,3072,publish
"EPIC EXPLAINER: The 2025 Fiscal Cliff","                                                              Brittany Madni                                                                                          [user]                                                                                                                                         Matthew Dickerson                                                                                          [user]                                                                           ","The Economy, The Federal Budget: Spending, Taxes, and Debt",Resource,"EPIC Explainers","2025 Fiscal Cliff, Debt, Debt Limit, Discretionary Spending, Economy, Farm Bill, Federal Budget, Food Stamps, FY 2025, FY 2026, Sequestration, Spending, Tax Cuts and Jobs Act (TCJA)","2025-01-01 10:35:22",https://epicforamerica.org/federal-budget/epic-explainer-the-2025-fiscal-cliff/,946,publish
"The Reconciliation Process in the Senate","                                                              Brittany Madni                                                                                          [user]                                                                                                                                         Matthew Dickerson                                                                                          [user]                                                                           ","The Federal Budget: Spending, Taxes, and Debt",Resource,"Infographics, Tables, & Charts","2025 Fiscal Cliff, Budget Committee, Budget Process Reform, Reconciliation","2024-11-18 14:38:03",https://epicforamerica.org/federal-budget/the-reconciliation-process-in-the-senate/,7,publish
"Understanding the Byrd Rule","                                                              Matthew Dickerson                                                                                          [user]                                                                                                                                         Paul Winfree, Ph.D.                                                                                          [user]                                                                                                                                         Brittany Madni                                                                                          [user]                                                                                                                                         Zoe Jackman                                                                                          [user]                                                                           ","The Federal Budget: Spending, Taxes, and Debt",Resource,"EPIC Explainers","Budget Committee, Budget Process Reform, Budget Resolution, Byrd Rule, Federal Budget, Reconciliation","2024-10-09 22:23:44",https://epicforamerica.org/federal-budget/understanding-the-byrd-rule/,1498,publish
"Blocking the Biden-Harris Rule to Kill AHPs","                                                              Brittany Madni                                                                                          [user]                                                                                                                                         Anthony Campau                                                                                          [user]                                                                                                                                         Kev Coleman                                                                                          [user]                                                                           ","Education, Workforce, and Retirement",Blog,"Policy Rapid Response","Administrative State, Labor, Regulations, Rules","2024-09-10 15:29:50",https://epicforamerica.org/education-workforce-retirement/blocking-the-biden-harris-rule-to-kill-ahps/,693,publish
"The Reconciliation Process in the House","                                                              Brittany Madni                                                                                          [user]                                                                           ","The Federal Budget: Spending, Taxes, and Debt",Resource,"Infographics, Tables, & Charts","2025 Fiscal Cliff, Budget Committee, Budget Process Reform, Reconciliation, Spending","2024-08-27 13:43:44",https://epicforamerica.org/federal-budget/the-reconciliation-process-in-the-house/,7,publish
"Bidenomics Slush Fund Subsidizes NYC Trash – Literally","                                                              Brittany Madni                                                                                          [user]                                                                           ","The Federal Budget: Spending, Taxes, and Debt",Blog,"Policy Rapid Response","Bidenomics, Discretionary Spending, Federal Budget, Spending","2024-07-09 20:34:01",https://epicforamerica.org/federal-budget/bidenomics-subsidizes-nyc-trash/,434,publish
"EPIC EXPLAINER: Reconciliation","                                                              Brittany Madni                                                                                          [user]                                                                                                                                         Matthew Dickerson                                                                                          [user]                                                                           ","The Federal Budget: Spending, Taxes, and Debt",Resource,"EPIC Explainers","Byrd Rule, Federal Budget, Reconciliation, Spending","2024-05-30 11:05:22",https://epicforamerica.org/federal-budget/epic-explainer-reconciliation/,257,publish
"EPIC EXPLAINER: The Reconciliation Byrd Rule","                                                              Brittany Madni                                                                                          [user]                                                                                                                                         Matthew Dickerson                                                                                          [user]                                                                           ","The Federal Budget: Spending, Taxes, and Debt",Resource,"EPIC Explainers","Byrd Rule, Federal Budget, Reconciliation, Spending","2024-05-30 10:51:44",https://epicforamerica.org/federal-budget/the-byrd-rule/,618,publish
"EPIC EXPLAINER: The Tax Cuts and Jobs Act","                                                              Brittany Madni                                                                                          [user]                                                                                                                                         Matthew Dickerson                                                                                          [user]                                                                           ","The Federal Budget: Spending, Taxes, and Debt",Resource,"EPIC Explainers","Corporate Tax, Tax Cuts and Jobs Act (TCJA), Taxes","2024-04-14 20:31:42",https://epicforamerica.org/federal-budget/epic-explainer-the-tax-cuts-and-jobs-act/,843,publish
"Setting the Record Straight on Bidenomics: State of the Union 2024","                                                              Matthew Dickerson                                                                                          [user]                                                                                                                                         Brittany Madni                                                                                          [user]                                                                                                                                         Anthony Campau                                                                                          [user]                                                                                                                                         Rachel Greszler                                                                                          [user]                                                                           ","The Economy",Resource,"EPIC Explainers","Bidenomics, Consumer Price Index (CPI), Deficit, Economy, Inflation, Social Security, Spending","2024-03-06 11:58:50",https://epicforamerica.org/the-economy/setting-the-record-straight-on-bidenomics-state-of-the-union-2024/,842,publish
"EPIC Analysis: Sequester Impacts for Potential FY24 Spending Options","                                                              Brittany Madni                                                                                          [user]                                                                                                                                         Matthew Dickerson                                                                                          [user]                                                                           ","The Federal Budget: Spending, Taxes, and Debt",Resource,"EPIC Explainers, Infographics, Tables, & Charts","Discretionary Spending, FY 2024, Omnibus Bill, Spending, Spending Caps","2024-02-28 07:59:49",https://epicforamerica.org/federal-budget/fy24-sequester-impact/,440,publish
"EPIC EXPLAINER: BudRes v Approps","                                                              Brittany Madni                                                                                          [user]                                                                           ","The Federal Budget: Spending, Taxes, and Debt",Resource,"EPIC Explainers","Appropriations, Budget Process Reform, Budget Resolution, Discretionary Spending, Spending","2024-02-12 16:26:17",https://epicforamerica.org/federal-budget/budget-resolution-vs-appropriations/,381,publish
"Bidenomics Slush Fund Subsidizes “Undocumented” Immigration","                                                              Brittany Madni                                                                                          [user]                                                                           ","The Federal Budget: Spending, Taxes, and Debt",Resource,"Policy Rapid Response","Bidenomics, Border Security, Discretionary Spending, Immigration, Slush Fund, State and Local Fiscal Recovery Funds (SLFRF)","2024-02-02 19:37:23",https://epicforamerica.org/federal-budget/bidenomics-slush-fund-subsidizes-undocumented-immigration/,1038,publish
"CBO Reauthorization: Regularizing Oversight","                                                              Brittany Madni                                                                                          [user]                                                                           ","The Federal Budget: Spending, Taxes, and Debt",Blog,"Policy Rapid Response","Budget Process Reform, Congressional Budget Office (CBO)","2024-01-30 16:59:32",https://epicforamerica.org/federal-budget/cbo-reauthorization-regularizing-oversight/,667,publish
"EPIC Analysis: Comparative Total Discretionary Spending, FY 2023-2024","                                                              Paul Winfree, Ph.D.                                                                                          [user]                                                                                                                                         Brittany Madni                                                                                          [user]                                                                           ","The Federal Budget: Spending, Taxes, and Debt",Resource,,"Discretionary Spending, Economic Analysis, FY 2023, FY 2024, Spending","2024-01-13 15:04:37",https://epicforamerica.org/federal-budget/fy23-vs-fy24-total-discretionary/,558,publish
"EPIC Analysis: Comparative Tables for FY24 Spending Deals","                                                              Paul Winfree, Ph.D.                                                                                          [user]                                                                                                                                         Brittany Madni                                                                                          [user]                                                                                                                                         Matthew Dickerson                                                                                          [user]                                                                           ","The Federal Budget: Spending, Taxes, and Debt",Resource,"EPIC Explainers","Discretionary Spending, Economic Analysis, FY 2023, FY 2024, Spending","2024-01-10 16:33:54",https://epicforamerica.org/federal-budget/fy-24-spending-deal-comparative-tables/,2,publish
"What’s Actually in the Spending Deal","                                                              Matthew Dickerson                                                                                          [user]                                                                                                                                         Brittany Madni                                                                                          [user]                                                                                                                                         Paul Winfree, Ph.D.                                                                                          [user]                                                                           ","The Federal Budget: Spending, Taxes, and Debt",Blog,"Policy Rapid Response","Appropriations, COVID-19, Discretionary Spending, Federal Budget, Spending","2024-01-08 10:30:37",https://epicforamerica.org/federal-budget/whats-actually-in-the-spending-deal/,1495,publish
"The Bidenomics Slush Fund","                                                              Paul Winfree, Ph.D.                                                                                          [user]                                                                                                                                         Brittany Madni                                                                                          [user]                                                                           ","The Federal Budget: Spending, Taxes, and Debt",Publication,Report,"Bidenomics, Bureau of Economic Analysis (BEA), Discretionary Spending, Slush Fund, State and Local Fiscal Recovery Funds (SLFRF)","2023-12-03 18:57:57",https://epicforamerica.org/federal-budget/bidenomics-slush-fund/,3437,publish
"The Need for Oversight of ARPA Anomalies","                                                              Brittany Madni                                                                                          [user]                                                                           ","The Federal Budget: Spending, Taxes, and Debt",Blog,"Policy Rapid Response","American Rescue Plan Act (ARPA), COVID-19, Oversight, Spending, State and Local Fiscal Recovery Funds (SLFRF), Treasury","2023-11-20 09:49:47",https://epicforamerica.org/federal-budget/the-need-for-oversight-of-arpa-anomalies/,698,publish
"EPIC EXPLAINER: CRs","                                                              Brittany Madni                                                                                          [user]                                                                           ","The Federal Budget: Spending, Taxes, and Debt",Resource,"EPIC Explainers","Appropriations, Budget Process Reform, Discretionary Spending, Government Shutdown, Omnibus Bill, Spending","2023-09-12 16:36:46",https://epicforamerica.org/federal-budget/epic-explainers-crs/,389,publish
"Congressional Budget Process","                                                              Brittany Madni                                                                                          [user]                                                                           ","The Federal Budget: Spending, Taxes, and Debt",Resource,"Infographics, Tables, & Charts","Appropriations, Budget Committee, Budget Process Reform, Discretionary Spending, Mandatory Spending, Spending","2023-08-31 20:26:45",https://epicforamerica.org/federal-budget/congressional-budget-process/,0,publish
